Relevance,Explanation
RELEVANT,"The generated answer provides a detailed step-by-step guide on alternate gear extension procedures, addressing the question directly. It includes essential actions to take, checks to perform, and communication with ATC, which are all relevant to the inquiry about guiding someone through these procedures."
RELEVANT,"The generated answer provides a clear and direct response to the question by explaining how to request a vector to exit the icing area, including specific phraseology to use when communicating with ATC. It also emphasizes the importance of providing current position and relevant flight details, which is pertinent to the context of the request."
RELEVANT,"The generated answer directly addresses the question by emphasizing the importance of ensuring that all crew members and passengers have properly donned their oxygen masks during an emergency descent. It also mentions the need to verify the functionality of the masks and the awareness of their use, which are critical aspects related to the safety protocols during such an emergency."
RELEVANT,"The generated answer provides a comprehensive list of steps that are relevant to diverting to a suitable airport. It addresses the question directly by outlining specific actions to take in the event of a diversion, such as assessing the situation, notifying ATC, selecting a suitable airport, and following landing procedures. This information is pertinent and useful for someone seeking guidance on the topic."
RELEVANT,"The generated answer directly addresses the question by confirming the existence of specific checklists for engine failures and providing a brief overview of key actions to take, along with a recommendation to consult the Flight Manual and Quick Reference Handbook for detailed procedures."
PARTLY_RELEVANT,"The generated answer provides a general procedure for identifying suitable diversion airports during a hydraulic failure scenario but does not list specific airports to consider. It outlines steps for determining nearby airports and assessing their suitability, which is relevant contextually, but it does not directly answer the question of which airports to consider."
RELEVANT,"The generated answer provides a comprehensive and practical guide on how to assist passengers during the evacuation process. It includes specific steps that address communication, directing passengers, assisting those in need, and following emergency procedures, which are all directly related to effectively managing an evacuation."
RELEVANT,"The generated answer directly addresses the question about throttle adjustments during a stall warning by stating that it is necessary to increase throttle to regain airspeed, which is a correct and relevant response to the inquiry."
RELEVANT,"The generated answer provides a comprehensive list of additional safety precautions that are directly applicable to landing with brake failure. It addresses various aspects of the landing process, including alternate braking systems, approach speed, runway selection, and communication with emergency services, all of which are relevant to ensuring safety during such a critical situation."
PARTLY_RELEVANT,"The generated answer addresses the question about specific checklists by stating that there are no unique checklists for a bird strike in the flight manual, but it provides general actions to take and advises consulting the aircraft's operational procedures. While it doesn't directly provide a checklist, it offers relevant guidance, making it partly relevant to the question."
RELEVANT,"The generated answer directly addresses the situation described in the question by providing appropriate actions to take when oil pressure is normal but overheating continues. It suggests reducing thrust and monitoring temperature gauges, which are relevant steps in managing engine overheating."
RELEVANT,The generated answer directly addresses the question about communicating with a co-pilot during a stall warning by providing clear instructions on how to inform them and emphasizing the importance of maintaining control of the aircraft while communicating. It aligns well with the context of the question.
RELEVANT,"The generated answer directly addresses the consequences of not addressing engine overheating promptly, listing several serious outcomes such as engine damage, loss of power, increased risk of fire, emergency situations, and regulatory violations. Each point is relevant to the question and emphasizes the importance of timely intervention."
RELEVANT,"The generated answer directly addresses the question by summarizing the key actions to take in an engine overheating scenario as described in FCOM Section 3. It includes specific recommendations such as reducing thrust, monitoring temperature gauges, and preparing for a potential shutdown, which are all relevant to managing the situation."
RELEVANT,"The generated answer provides detailed steps on how to monitor airspeed and altitude effectively, especially in the context of an airspeed indicator malfunction. It covers essential actions such as informing ATC, using backup instruments, and maintaining safe altitude, which directly addresses the question about ensuring safety through effective monitoring."
RELEVANT,"The generated answer directly addresses the question about additional checks needed after activating pitot heat by providing a comprehensive list of relevant actions to take, including monitoring instruments and preparing for potential issues. It aligns well with the context of the question."
RELEVANT,"The generated answer provides a comprehensive and step-by-step approach to determining the nearest airport for diversion after a hydraulic failure. It covers essential actions such as switching to a backup system, assessing position, checking airport availability, contacting ATC, evaluating weather conditions, and preparing for landing, which are all directly relevant to the question."
RELEVANT,"The generated answer provides a comprehensive list of preparations to make for an emergency landing after shutting down an engine, addressing key aspects such as communication with ATC, assessing aircraft performance, preparing the cabin, and planning for evacuation. These points are directly related to the question and offer practical guidance for the situation described."
RELEVANT,"The generated answer provides a comprehensive and detailed set of steps to follow in the event of a landing gear malfunction during landing. It addresses the question directly by outlining the necessary actions to take, including assessing the situation, communicating with ATC, briefing the cabin crew, preparing passengers, executing the landing, and post-landing actions. This information is highly relevant and actionable for someone facing such an emergency."
RELEVANT,"The generated answer provides a comprehensive set of steps to check for oil pressure anomalies related to engine overheating, addressing the question directly. It includes monitoring oil pressure gauges, cross-referencing with temperature gauges, reviewing engine parameters, checking for warning lights, performing engine checks, and documenting findings, all of which are pertinent to identifying oil pressure issues in the context of engine overheating."
RELEVANT,"The generated answer directly addresses the question by specifying what information should be communicated to ATC regarding the landing gear malfunction, including relevant details and an example of how to communicate this information."
PARTLY_RELEVANT,"The generated answer mentions monitoring fire indicators, which is related to the question about what to monitor during a fire in the engine. However, it lacks detail on specific indicators or actions that should be taken, making it only partially relevant."
RELEVANT,"The generated answer directly addresses the question by providing a comprehensive list of factors to consider if the overheating issue persists. Each factor is relevant to diagnosing and managing engine overheating, making the response highly pertinent to the inquiry."
RELEVANT,"The generated answer directly addresses the question by providing specific advice on how to communicate effectively with a co-pilot in a scenario involving a stall warning. It emphasizes clear verbal communication, calm demeanor, and the use of communication tools, which are all pertinent to the situation described."
RELEVANT,"The generated answer provides a comprehensive and detailed list of steps to assess an aircraft for damage after a bird strike, directly addressing the question. Each step is relevant to the assessment process, ensuring thorough evaluation and safety considerations."
RELEVANT,"The generated answer provides a comprehensive list of specific information that should be communicated to emergency services during an evacuation. It addresses the question directly by outlining the necessary details that need to be conveyed, ensuring that the response is both relevant and actionable."
RELEVANT,"The generated answer directly addresses the question by stating that the autopilot turbulence mode should be engaged during turbulence, which is the information being sought."
RELEVANT,"The generated answer provides clear and detailed steps on how to switch to the backup hydraulic system, which directly addresses the question. It includes specific actions to take, checks to perform, and considerations for communication, making it highly relevant to the user's inquiry."
RELEVANT,"The generated answer provides a comprehensive set of steps to determine if it is safe to restart the engine after a fire. It addresses key aspects such as monitoring fire indicators, assessing engine conditions, consulting procedures, and following emergency protocols, which are all pertinent to the question asked."
RELEVANT,"The generated answer provides a comprehensive list of precautions to take during an engine failure, directly addressing the question. It covers essential actions such as maintaining control, following restart procedures, preparing for single-engine operation, monitoring systems, communicating with air traffic control, staying calm, and reviewing emergency checklists, all of which are pertinent to handling an engine failure effectively."
RELEVANT,"The generated answer directly addresses the question by specifying who to contact regarding a hydraulic failure, namely the flight engineer or maintenance control. It also provides additional relevant information about notifying air traffic control, which is pertinent to the situation described."
RELEVANT,"The generated answer directly addresses the question about deploying spoilers in a brake failure situation by providing specific actions to take, such as activating spoilers upon landing, ensuring full deployment, and using reverse thrust. It also emphasizes the importance of maintaining control and communicating with ATC, which is pertinent to managing a brake failure scenario effectively."
RELEVANT,The generated answer directly addresses the question about hypoxia symptoms by providing a detailed list of symptoms that one should be prepared to encounter in the event of decompression. It is specific and relevant to the situation described in the question.
PARTLY_RELEVANT,"The generated answer addresses the question by stating that there is no specific mention of checklists in QRH Section 2 for the stall warning scenario. However, it suggests consulting QRH Section 2 directly for relevant checklists, which indicates some level of relevance to the question about specific checklists."
RELEVANT,"The generated answer directly addresses the question by listing specific symptoms of hypoxia that can be recognized in crew or passengers. It provides detailed information on cognitive, physical, respiratory, visual, behavioral, and coordination changes, as well as color changes, which are all relevant to identifying hypoxia. Additionally, it emphasizes the importance of vigilance and immediate action, aligning well with the context of the question."
RELEVANT,"The generated answer directly addresses the question by explaining the specific clearance needed from ATC during an emergency landing situation. It details the process of declaring an emergency, informing ATC of the situation, and requesting necessary airspace priority and guidance, which are all pertinent to the question asked."
RELEVANT,"The generated answer provides a comprehensive and clear guide on how to inform the cabin crew and passengers during an emergency. It covers essential steps such as communication, use of standard phrases, coordination with crew, directing actions, guiding passengers, and maintaining communication, all of which are directly related to the question."
RELEVANT,"The generated answer provides a clear and structured approach to informing ATC about a bird strike, covering essential steps such as establishing communication, reporting the situation, providing additional details, requesting assistance, and following ATC instructions. This directly addresses the question and offers practical guidance."
RELEVANT,"The generated answer provides a comprehensive list of additional safety measures to consider in the event of a fuel leak during flight. It directly addresses the question by outlining practical steps that can enhance safety, such as monitoring fuel levels, communicating with ATC, and preparing for emergency landing, making it highly relevant to the inquiry."
RELEVANT,"The generated answer directly addresses the question by specifying that the information about handling an airspeed indicator malfunction is located in Section 1 of the AOM, which is exactly what the question is asking for."
RELEVANT,"The generated answer provides a comprehensive and practical guide on how to determine the nearest suitable airport for diversion, including steps such as consulting navigation systems, checking airport information, communicating with ATC, evaluating aircraft performance, and making a decision. This directly addresses the question asked."
RELEVANT,"The generated answer directly addresses the question by providing a specific phraseology to use when informing ATC about a landing gear issue. It also includes additional guidance on what information to provide, which is relevant to the context of communicating with air traffic control."
RELEVANT,"The generated answer directly addresses the question by suggesting that the first step when detecting engine overheating is to check the temperature gauges, which is a relevant and appropriate action to take in such a situation."
PARTLY_RELEVANT,"The generated answer addresses the question about cabin pressure loss by mentioning the importance of activating the emergency pressurization system and maintaining control of the aircraft. However, it does not provide specific flight maneuvers to perform, which is the core of the question. Therefore, while it contains some relevant information, it does not fully answer the question."
RELEVANT,"The generated answer provides a comprehensive list of procedures to follow after donning smoke goggles, directly addressing the question and ensuring safety in a smoke-related situation."
RELEVANT,"The generated answer provides a clear and structured protocol for communicating turbulence to the crew, addressing the question directly by outlining specific steps that should be taken during turbulent conditions. This includes engaging autopilot, ensuring passenger safety, and reporting to ATC, which are all relevant actions in the context of the question."
RELEVANT,"The generated answer provides specific and actionable steps for effectively monitoring fuel temperature, particularly in the context of potential fuel leaks. It addresses the question directly and offers practical advice that is relevant to the conditions mentioned."
RELEVANT,"The generated answer directly addresses the question by advising the maintenance of a safe altitude and attitude during an airspeed indicator failure, which is crucial for ensuring stable flight while resolving the issue."
RELEVANT,"The generated answer provides a detailed and structured approach to documenting a bird strike incident in the flight log, addressing all key aspects required for proper documentation as outlined in the question."
RELEVANT,"The generated answer directly addresses the potential consequences of making abrupt maneuvers in the event of an instrument failure. It lists specific consequences such as loss of control, increased workload, structural stress, risks to passenger safety, and inaccurate situational awareness, all of which are pertinent to the question asked."
RELEVANT,"The generated answer provides a comprehensive and practical set of steps to ensure passenger safety during an engine failure scenario. It addresses key actions such as maintaining control of the aircraft, communicating with the crew, preparing for landing, and assisting passengers, which are all critical elements in managing such an emergency effectively."
RELEVANT,"The generated answer provides a comprehensive list of preparations necessary for a manual landing in the context of a hydraulic failure. It addresses specific actions to take, such as implementing manual flight controls, reducing speed, checking landing gear, adjusting flaps, and maintaining situational awareness, all of which are directly related to the question about preparations for a manual landing."
RELEVANT,"The generated answer provides a clear and comprehensive list of common indications of a fuel leak, directly addressing the question. It includes specific symptoms that pilots should be aware of, which aligns with the inquiry about fuel leak indications."
PARTLY_RELEVANT,"The generated answer provides some relevant information regarding actions to take in brake failure scenarios, such as advising ground crew and avoiding high-speed taxiing. However, it lacks a specific checklist format that the question explicitly asks for, which makes it only partially relevant."
RELEVANT,"The generated answer provides a detailed and clear explanation of the procedures for deploying spoilers during a runway overrun. It outlines the necessary steps, including identifying the situation, applying maximum braking, deploying spoilers, engaging reverse thrust, preparing for evacuation, and monitoring deceleration, which directly addresses the question asked."
PARTLY_RELEVANT,"The generated answer focuses specifically on an emergency evacuation scenario related to an aircraft, which may not encompass all types of emergency evacuations. While it provides some relevant steps, it lacks broader applicability to various emergency situations, such as natural disasters or building evacuations."
RELEVANT,"The generated answer directly addresses the question by outlining specific icing conditions that should be reported to ATC, including details on ice accumulation, type of icing, altitude, effects on performance, and duration. This information is pertinent and useful for the scenario described in the question."
RELEVANT,"The generated answer provides a practical first step to take in the event of an instrument failure during flight, specifically advising to avoid abrupt maneuvers and to monitor other instruments. This directly addresses the question about what to do first in such a situation."
NON_RELEVANT,"The generated answer does not provide any information about the additional resources available in AOM Section 9 for emergency evacuation scenarios. Instead, it states that there is no mention of the section or its contents, which does not address the question asked."
RELEVANT,"The generated answer provides a comprehensive list of best practices for handling hydraulic failure in aviation, directly addressing the question about ensuring passenger safety. Each point elaborates on actions that pilots should take to maintain control, communicate effectively, and prepare for emergencies, all of which are crucial for passenger safety during such a failure."
RELEVANT,"The generated answer directly addresses the question by specifying that sudden maneuvers should be avoided in icing conditions. It provides specific examples of maneuvers to avoid, which aligns well with the request for guidance on what to steer clear of in such conditions."
PARTLY_RELEVANT,"The generated answer provides a specific action related to engine overheating, but it assumes a context of aviation or a similar environment where thrust reduction is applicable. For general vehicle overheating, the initial response should include stopping the vehicle and checking the coolant levels, which is not mentioned."
RELEVANT,"The generated answer provides a comprehensive list of critical information that should be communicated to emergency services after initiating an evacuation, directly addressing the question. It includes details such as aircraft identification, location, nature of the emergency, and status of the evacuation, which are all pertinent to ensuring an effective response from emergency services."
RELEVANT,"The generated answer provides clear and detailed steps on how to switch to the backup navigation system during a flight, directly addressing the question. It emphasizes the importance of referring to the specific aircraft's manual, which is crucial for accurate procedures, and includes essential actions such as system activation, verification, and communication."
PARTLY_RELEVANT,"The generated answer addresses the question by mentioning a specific action (engaging the autopilot turbulence mode) that could be part of the procedures during turbulence. However, it does not explicitly confirm that this is the first step outlined in QRH Section 3, which limits its relevance."
RELEVANT,"The generated answer directly addresses the question by providing a specific altitude recommendation for emergency descent in the event of cabin pressure loss, which is precisely what the question is asking about."
RELEVANT,"The generated answer provides specific and practical steps to maintain visual contact with other aircraft during an electrical failure, directly addressing the question. It covers positioning, lookout procedures, communication methods, altitude awareness, and staying alert, all of which are pertinent to the situation described."
RELEVANT,"The generated answer directly addresses the question by emphasizing the importance of avoiding high-speed taxiing after a brake failure, which is a crucial precaution for safety and control. It also includes the recommendation to inform the ground crew, adding to the relevance of the response."
RELEVANT,"The generated answer provides a comprehensive and relevant set of steps to handle brake failure during landing. It addresses key actions such as notifying the ground crew, avoiding high-speed taxiing, following standard procedures, preparing for emergencies, executing a safe landing, and post-landing actions, all of which are crucial for managing brake failure effectively."
RELEVANT,"The generated answer directly addresses the precautions to take while taxiing in the context of brake failure. It provides specific and actionable advice that is pertinent to the question, ensuring a safer taxiing experience."
RELEVANT,"The generated answer directly addresses the question by providing specific steps to activate the emergency pressurization system during a cabin pressure loss. It includes actionable instructions and emphasizes the importance of monitoring and communication, which are critical in such situations."
RELEVANT,"The generated answer provides clear and specific procedures to follow during an emergency descent after a decompression, directly addressing the question asked."
RELEVANT,"The generated answer directly addresses the question by clearly stating that it is not safe to attempt an engine restart if there are fire indicators. It also references flight manual information, reinforcing the advice given."
RELEVANT,"The generated answer provides a detailed and step-by-step guide on how to perform a manual gear extension in case of a malfunction, directly addressing the question asked. It includes verification of the malfunction, the process for manual extension, checking the gear position, preparing for a low approach, and following emergency procedures, which are all pertinent to the topic."
RELEVANT,"The generated answer directly addresses the question by confirming that it is necessary to inform ATC about instrument failure and supports this with a reference to the flight manual, which strengthens the relevance."
RELEVANT,"The generated answer directly addresses the question by emphasizing the importance of communicating fuel status to ATC in the context of a fuel leak. It specifies that communication should occur as frequently as necessary, which aligns well with the inquiry about frequency under the given circumstances."
RELEVANT,"The generated answer directly addresses the question by stating that ATC should be informed immediately after switching to standby instruments, emphasizing the importance of communication even while assessing the situation. This aligns well with the query about the timing of informing ATC."
RELEVANT,"The generated answer provides a comprehensive and structured approach to preparing for an emergency descent during a stall warning. It covers essential steps such as verifying the stall warning, monitoring airspeed, maintaining control, adjusting throttle, and preparing for descent, all of which are directly related to the question asked."
RELEVANT,"The generated answer directly addresses the question by outlining immediate actions to take in the event of an engine failure, which includes monitoring parameters, shutting down the affected engine, and advising the cabin crew. These actions are appropriate and relevant to the scenario described."
RELEVANT,"The generated answer provides a detailed and specific procedure for declaring an emergency in the context of a fuel leak, which directly addresses the question. It includes clear steps to follow, making it highly relevant to the inquiry about properly declaring an emergency."
RELEVANT,"The generated answer provides a comprehensive list of actions to take if signs of hypoxia are noticed among passengers, directly addressing the question. It includes checking cabin pressure, administering oxygen, diverting to a suitable airport, and communicating with the cabin crew, all of which are appropriate and relevant steps to ensure passenger safety in such a situation."
RELEVANT,"The generated answer directly addresses the question by stating that air traffic control (ATC) should be contacted for assistance during an emergency descent. It also provides additional context about the role of ATC and mentions other potential contacts, which enhances the relevance of the response."
RELEVANT,The generated answer directly addresses the question by listing specific indicators that should be monitored to assess cabin altitude during decompression. Each indicator mentioned is relevant to understanding and managing cabin altitude effectively in such scenarios.
RELEVANT,"The generated answer directly addresses the question by outlining specific procedures for cabin smoke removal, including declaring an emergency, initiating smoke removal procedures, and diverting to the nearest airport. The steps provided are relevant and practical for handling smoke in the cabin, making the answer comprehensive and aligned with the question."
RELEVANT,"The generated answer provides a detailed and structured approach to conducting a visual inspection after performing a low approach, addressing key aspects such as maintaining aircraft control, performing a visual scan, using instruments, avoiding abrupt maneuvers, and communicating with air traffic control. This directly relates to the question and offers practical steps for the task."
RELEVANT,"The generated answer directly addresses the question by stating that there is no checklist for handling electrical failures in AOM Section 9. It also provides additional context by mentioning where relevant instructions can be found, which enhances the answer's usefulness."
RELEVANT,"The generated answer provides a comprehensive list of critical information that should be communicated to ATC when discussing a diversion to the nearest airport. It addresses key aspects such as aircraft identification, current position, nature of the emergency, intentions, fuel status, passenger and crew status, and any additional assistance needed, all of which are directly relevant to the question asked."
RELEVANT,"The generated answer directly addresses the question by providing specific adjustments to the landing approach in the event of brake failure. It includes practical steps such as planning for longer landing distances, maintaining a stable approach, using reverse thrust, and communicating with ground crew, all of which are pertinent to safely managing a landing under the described circumstances."
RELEVANT,"The generated answer provides a clear and structured response to the question about the key steps in performing de-icing procedures. It outlines specific actions to take, such as reporting icing conditions, requesting a vector from ATC, and following established de-icing procedures, which directly addresses the inquiry."
RELEVANT,"The generated answer directly addresses the situation of unsuccessful engine restart procedures by providing appropriate actions to take, such as maintaining heading, preparing for single-engine operation, assessing the situation, considering a diversion, following flight manual procedures, and communicating with air traffic control. All these points are relevant to the question asked."
RELEVANT,"The generated answer provides a comprehensive step-by-step guide on how to declare a Mayday effectively during an emergency, addressing all key aspects of the question."
RELEVANT,"The generated answer provides a comprehensive set of steps to assess runway lengths at nearby airports, including consulting aeronautical charts, using flight planning tools, checking NOTAMs, contacting ATC, referring to an airport directory, and evaluating aircraft performance. Each step directly addresses the question of how to safely assess runway lengths for landing."
RELEVANT,"The generated answer directly addresses the question by outlining specific actions to take when fuel levels drop below a certain threshold, particularly in the context of a fuel leak. It provides practical steps such as monitoring fuel levels, communicating with ATC, preparing for diversion, following emergency procedures, and maintaining situational awareness, all of which are appropriate responses to the situation described in the question."
RELEVANT,"The generated answer directly addresses the question about maximum recommended airspeed in relation to preventing icing. It clarifies that there is no specific maximum airspeed mentioned in the flight manual and provides guidance on increasing airspeed slightly, which is relevant information for preventing ice accumulation. Additionally, it advises consulting the aircraft's operating manual for specific limits, which is pertinent to the question."
RELEVANT,"The generated answer directly addresses the question by listing several symptoms of engine overheating, including increased temperature gauges, engine warning lights, reduced performance, unusual noises, and vibrations. This information is pertinent and informative for someone wanting to recognize signs of engine overheating."
RELEVANT,"The generated answer provides a detailed and practical guide for preparing passengers for a possible evacuation, directly addressing the question. It includes clear steps that cover communication, safety procedures, and special considerations for vulnerable passengers, making it highly relevant to the scenario described."
RELEVANT,"The generated answer directly addresses the question by stating that one should not rely solely on the co-pilot's instruments. It emphasizes the importance of using backup systems and maintaining situational awareness, which is crucial for ensuring safety during the approach."
RELEVANT,"The generated answer provides a comprehensive list of steps to prepare for communication loss during an electrical failure situation. It addresses the question directly by outlining specific actions to ensure communication continuity and operational safety, making it highly relevant."
RELEVANT,"The generated answer directly addresses the question by confirming that it is advisable to change altitude during icing conditions. It explains the rationale behind this advice, including the impact of altitude on temperature and moisture levels, which are critical factors in icing. Additionally, it mentions the importance of monitoring fuel temperature and activating anti-ice systems, providing a comprehensive response related to the question."
RELEVANT,"The generated answer directly addresses the question by outlining the recommended procedures for notifying passengers about turbulence, including timely announcements and safety precautions, which are essential for passenger safety and comfort."
RELEVANT,"The generated answer provides a detailed and structured response to the question about shutting down engines during an emergency evacuation. It outlines specific steps to take, including notifying the crew, shutting down the engines, shutting down systems, monitoring for hazards, assisting passengers, and informing emergency services. This directly addresses the question and offers practical guidance."
PARTLY_RELEVANT,"The generated answer mentions a protocol related to safety after donning smoke goggles, specifically coordinating with ATC for a priority landing. However, it does not provide detailed information about the specific protocol to follow immediately after putting on the goggles, which is what the question is asking for."
RELEVANT,"The generated answer directly addresses the question by providing clear and actionable steps to reduce thrust on the affected engine. It includes specific instructions such as identifying the affected engine, adjusting the thrust lever, and monitoring engine instruments, which are all relevant to the task of reducing thrust."
RELEVANT,"The generated answer provides a clear and concise list of immediate steps to take when smoke is detected, directly addressing the question and offering actionable guidance."
RELEVANT,"The generated answer directly addresses the question about the specific format for reporting icing conditions to ATC by providing detailed guidelines on what information should be included in the report. It outlines the key elements and offers an example, making it a comprehensive and relevant response to the inquiry."
RELEVANT,"The generated answer directly addresses the question by stating that there is no specific format for the icing report to ATC, while also providing useful guidance on what details to include in such a report. This information is pertinent to the question asked."
RELEVANT,"The generated answer provides a comprehensive list of preparations specifically tailored for a possible evacuation from an aircraft. It addresses key aspects such as shutting down systems, assessing the situation, assisting passengers, communicating with crew, notifying emergency services, briefing passengers, and preparing evacuation slides. These points are directly related to the question and offer practical guidance for the scenario described."
RELEVANT,"The generated answer provides a clear and structured response to the question by outlining specific steps to perform engine checks after a bird strike. It addresses key aspects such as assessing damage, monitoring engine performance, conducting functional checks, and preparing for possible diversion, which are all pertinent to the scenario described in the question."
RELEVANT,"The generated answer provides a comprehensive list of preparations to be made following a bird strike, directly addressing the question about possible diversions. It covers key aspects such as assessing aircraft damage, monitoring engine performance, reviewing diversion options, communicating with ATC, preparing for landing, briefing the crew, and preparing passengers, which are all pertinent to managing a diversion scenario effectively."
PARTLY_RELEVANT,"The generated answer acknowledges the lack of specific information in the flight manual regarding a designated evacuation area, but it does mention that pilots should refer to the airport's emergency evacuation plan. While it does not directly answer the question, it provides useful context about evacuation procedures and the importance of following airport protocols."
RELEVANT,"The generated answer provides a comprehensive list of safety procedures to consider after deploying slides, directly addressing the question. It goes beyond the initial inquiry by detailing actions to ensure passenger safety, communication, and adherence to protocols, which are all relevant to post-deployment safety considerations."
RELEVANT,"The generated answer directly addresses the question by explaining how to use GPS groundspeed in the context of an airspeed indicator malfunction. It provides practical steps and considerations for effectively utilizing GPS groundspeed, which is exactly what the question asks for."
RELEVANT,"The generated answer provides a detailed and specific set of steps to follow after ensuring it is safe to restart the engine, particularly after a fire incident. It addresses the question directly by outlining the necessary procedures, checks, and safety measures to take, making it highly relevant to the inquiry."
RELEVANT,"The generated answer provides a comprehensive list of steps to ensure that all passengers are using their oxygen masks during a decompression situation, directly addressing the question and offering practical guidance."
RELEVANT,"The generated answer provides a comprehensive list of additional precautions that are directly related to the context of managing hydraulic failure, which aligns with the question asking for further precautions beyond limiting control inputs and monitoring pressure."
RELEVANT,"The generated answer directly addresses the implications of not activating anti-ice systems in a timely manner by detailing various consequences, such as ice accumulation, loss of control, increased weight, engine performance issues, reduced safety margins, and regulatory compliance risks. Each point is pertinent to the question, making the response highly relevant."
RELEVANT,"The generated answer provides a detailed and systematic approach to determining whether to shut down an affected engine, specifically in the context of engine overheating. It addresses key factors such as monitoring temperature, evaluating thrust, assessing performance, consulting emergency procedures, communicating with the crew, and prioritizing safety, all of which are directly related to the question asked."
PARTLY_RELEVANT,"The generated answer addresses the question by mentioning that the flight manual does not specify altitudes or speeds for a low approach, which is directly related to the inquiry. However, it does not provide any specific altitudes or speeds, which would have made it fully relevant. Instead, it suggests referring to the flight manual or standard operating procedures for that information, which is somewhat helpful but not directly answering the question."
RELEVANT,"The generated answer provides a detailed and appropriate method for deploying spoilers after a brake failure, directly addressing the question. It outlines clear steps to enhance landing safety and effectiveness in such a situation, making it highly relevant to the query."
RELEVANT,"The generated answer directly addresses the question by providing a specific action to take in the event of a navigation system failure, which is to rely on visual navigation and record navigation data."
PARTLY_RELEVANT,"The generated answer acknowledges the absence of a specific checklist for instrument failure but suggests referring to the aircraft's specific checklist or emergency procedures manual. While it provides some useful guidance, it does not directly answer the question about a checklist, making it only partially relevant."
RELEVANT,"The generated answer provides specific and actionable steps for communicating with the cabin crew during an emergency evacuation, directly addressing the question asked."
RELEVANT,"The generated answer provides clear and specific steps on how to activate the pitot heat in an aircraft, directly addressing the question. It includes practical instructions and emphasizes the importance of checking indicators, which is pertinent to the operation of the pitot heat system."
RELEVANT,"The generated answer directly addresses the question by outlining specific procedures to follow when using radio navigation aids in a failure situation. It provides a clear and detailed list of steps that pilots should take, which aligns well with the inquiry about procedures in such scenarios."
RELEVANT,"The generated answer provides a clear and detailed set of specific steps to inform the cabin crew about the electrical failure, directly addressing the question. It outlines communication methods, safety protocols, and passenger interaction, which are all pertinent to the situation."
RELEVANT,"The generated answer provides a comprehensive list of immediate actions to take for ensuring passenger safety after an evacuation, directly addressing the question. It includes practical steps such as assisting passengers, informing emergency services, establishing a safe area, conducting a headcount, and providing first aid, all of which are pertinent to the context of post-evacuation safety."
RELEVANT,"The generated answer provides a clear and detailed list of steps to take in preparation for an approach after an instrument failure, directly addressing the question asked. Each step is relevant and practical for managing such a situation in aviation."
RELEVANT,"The generated answer provides a detailed and accurate response to the question about adjustments for single-engine operation after an engine failure. It covers essential actions such as maintaining heading, attempting engine restart, configuring the aircraft, monitoring performance, preparing for landing, communicating with air traffic control, and checking systems, all of which are critical steps in managing a single-engine flight situation."
RELEVANT,"The generated answer provides specific and actionable steps for maintaining visual contact with other aircraft during an electrical failure scenario. It addresses situational awareness, the use of instruments, communication, crew coordination, and maintaining altitude and heading, all of which are pertinent to the question asked."
PARTLY_RELEVANT,"The generated answer provides a checklist related to handling electrical failures, but it specifically refers to instructions from a flight manual, which may not be applicable to all contexts of electrical failures. The answer is relevant to a specific scenario (aviation) but lacks broader applicability."
RELEVANT,"The generated answer directly addresses the question by stating that the initial throttle setting during an engine failure is 'throttle idle', which is a relevant and appropriate response to the query."
PARTLY_RELEVANT,"The generated answer addresses the topic of engine failure and mentions actions to take, but it incorrectly cites FCOM Section 2 instead of Section 1 as requested in the question. The actions mentioned may still be relevant, but the misreference affects the overall relevance."
RELEVANT,"The generated answer provides a clear and detailed list of specific steps to inform the cabin crew about an electrical failure, directly addressing the question asked. Each step is relevant to the context of communication and safety procedures in such a scenario."
PARTLY_RELEVANT,"The generated answer acknowledges the lack of specific procedures in the QRH for managing unreliable airspeed, which is relevant to the question. However, it fails to provide detailed information or context about what the general instructions entail, which limits its completeness and relevance."
RELEVANT,"The generated answer directly addresses the question by clearly stating that maintaining aircraft control should be prioritized over informing the cabin crew. It emphasizes the importance of safety and control in an emergency situation, which is the core concern of the question."
RELEVANT,The generated answer directly addresses the question by stating that it is safe to attempt an engine restart only after confirming there are no indications of fire and that safety protocols have been followed. This provides clear guidance related to the timing of an engine restart after a fire.
RELEVANT,"The generated answer provides a comprehensive guide on preparing for a diversion specifically in the context of a fuel leak. It outlines clear and actionable steps that are directly applicable to the situation posed by the question, making it highly relevant."
PARTLY_RELEVANT,"The generated answer addresses a specific circumstance (bird strike) under which one might request an immediate return to the airport, but it does not cover other potential circumstances that could warrant such a request. Therefore, while it is relevant, it is not comprehensive."
RELEVANT,"The generated answer directly addresses the question by confirming that activating the pitot heat is indeed the first step in handling an airspeed indicator issue, which aligns with the information requested."
RELEVANT,"The generated answer provides practical steps to verify airspeed in the event of a primary indicator failure, including cross-checking with other indicators and using GPS groundspeed as a reference. These suggestions directly address the question and offer useful information for the situation described."
RELEVANT,The generated answer directly addresses the question by listing specific signs to look for after a bird strike that indicate potential engine issues. It provides detailed and relevant information that is useful for someone assessing engine performance post-incident.
RELEVANT,The generated answer directly addresses the question about specific checklists for navigation system failures by stating that there are no specific checklists mentioned in the referenced sections but suggests relying on visual navigation and consulting the QRH for additional guidance. This information is pertinent to the query.
RELEVANT,The generated answer directly addresses the question by confirming the necessity of fastening seat belts during turbulence and providing a clear rationale for this safety measure.
RELEVANT,"The generated answer directly addresses the question by specifying that control inputs should be limited to essential movements during a hydraulic failure. It emphasizes the importance of avoiding excessive control inputs, which is a specific and relevant consideration in such a scenario."
RELEVANT,"The generated answer directly addresses the question by listing specific fuel levels to monitor during a fuel leak scenario, which is relevant to the context of the exercise. It provides detailed information on total fuel quantity, individual tank levels, fuel flow rate, and minimum fuel levels, all of which are pertinent to maintaining safe operations."
RELEVANT,"The generated answer directly addresses the question by specifying that the individual should contact air traffic control (ATC) after responding to a cabin pressure loss. It also provides additional relevant contacts, such as the airline's operations center and emergency services, which enhances the completeness of the response."
RELEVANT,"The generated answer directly addresses the question by providing specific and relevant steps to take when there is a fire in the engine, which are shutting down the engine, activating the fire suppression system, and preparing for an emergency landing."
RELEVANT,"The generated answer directly addresses the question by confirming the existence of a checklist and providing detailed steps to follow in response to a bird strike. It also mentions consulting the flight manual and QRH for specific procedures, which is pertinent information for the user."
PARTLY_RELEVANT,"The generated answer suggests declaring an emergency, which is a relevant action but does not provide specific steps or considerations that should be taken immediately after identifying a fuel leak, such as stopping operations, evacuating the area, or notifying authorities."
PARTLY_RELEVANT,"The generated answer addresses the question by stating that there is no information in AOM Section 10 regarding electrical failures, but it does not provide a definitive answer. It suggests checking the section directly for confirmation, which indicates partial relevance as it acknowledges the need to verify the information."
